method,mean,std,lower,upper
ZR,0.17300724637681159,0.012213154920784912,0.16079409145602666,0.1852204012975965
BA,0.4879227053140097,0.1000303344968534,0.38789237081715633,0.5879530398108631
AB,0.26823671497584545,0.04150339079691825,0.2267333241789272,0.3097401057727637
RF,0.4922101449275363,0.12443261096950352,0.36777753395803275,0.6166427558970398
