method,mean,std,lower,upper
ZR,0.17717391304347826,0.01589254507207342,0.16128136797140485,0.19306645811555168
BA,0.4598153971581645,0.016853269324780054,0.44296212783338446,0.47666866648294454
AB,0.2620234490255455,0.012470884154411855,0.24955256487113361,0.2744943331799573
RF,0.4597028107772344,0.019992664350364953,0.43971014642686945,0.47969547512759936
