method,mean,std,lower,upper
ZR,0.1563405797101449,0.020735434757158284,0.14892063602315753,0.16376052339713226
BA,0.4900362318840579,0.45797056872613606,,0.5221018950419798
AB,0.2616545893719807,0.2463499308632472,,0.27695924788071424
RF,0.4897946859903381,0.4535893785064232,,0.525999993474253
