best_fitness,best_position
1215.7324072720392,64.67111784123708 32.42155199763105 435.1976456988965 204.23393246726508 319.08951567714007 296.9349968311176 301.54099404835785 325.2884230727064 318.97885893081366 226.6433570341318 309.79012095914413 270.18848358643476 327.8418853406406 57.713798909975154 62.23993639381761 65.57057755477072 
