best_fitness,best_position
1891.5705883632024,31.216540020127916 70.09347338398477 36.1211212778402 25.11940655115852 31.090901484259486 70.8504720838153 28.97486436946481 30.60183104054616 34.154087038727425 81.7927422647549 29.42344164945673 26.479675592300467 1.1045442716872351 
