round,best_fitness,best_position
0,1052.4513039902172,142.77688301204722 8.832240153150174 323.17353137052055 252.3848294094411 265.25117311029175 242.5764153075276 293.4712191991897 279.96248473567414 318.7093086835997 205.95428145934807 216.3152285574273 292.822832456028 309.9472165066708 47.23976086392181 84.62079662691684 89.80145786951374 
10,1120.6691044599168,60.31027637491373 30.24100606267328 435.1063170667557 208.048354497344 318.8845500829192 258.7321534584082 298.03607254619453 322.04700585096595 308.009227365756 222.3786794809403 309.81823527401224 277.00109583849735 330.0830085708319 59.02416417385567 59.55123026786919 54.56410480012553 
20,1157.2922893706673,65.94571547546668 32.33836814291294 435.17207698184933 204.18078397661841 319.0895452189368 307.3184860196264 301.4580434853052 325.3340973470517 318.38971909407735 226.55767745960077 309.77125788179956 270.01346461992546 327.3565188281899 58.03173547088192 63.68215584831875 66.01523525355532 
30,1202.0590828389754,64.72492090924483 32.420608387469045 435.1996379438084 204.22357364965356 319.0895147919481 297.33608380031336 301.54007713620854 325.29047083821604 318.9802038764006 226.6425989037963 309.7861618018935 270.18087944378306 327.817206068025 57.72044917004567 62.3840396337698 65.57585847187114 
40,1098.244117797866,64.67795092339463 32.421694954436184 435.1977582379163 204.23343835065498 319.0895151898954 296.94031531217695 301.5409486065251 325.2885620569897 319.0064645239087 226.64365742168158 309.78990144233757 270.188650124059 327.84261735603445 57.713999795378925 62.24158286274211 65.57098360277891 
